Date,Predicted_Close,Upper_Band,Lower_Band
2021-10-01,3770.8449008204734,3803.3516448863766,3738.3381567545703
2021-10-02,3770.8449008204734,3803.3516448863766,3738.3381567545703
2021-10-03,3770.8449008204734,3803.3516448863766,3738.3381567545703
2021-10-04,3770.8449008204734,3803.3516448863766,3738.3381567545703
2021-10-05,3770.8449008204734,3803.3516448863766,3738.3381567545703
2021-10-06,3770.8449008204734,3803.3516448863766,3738.3381567545703
2021-10-07,3770.8449008204734,3803.3516448863766,3738.3381567545703
2021-10-08,3770.8449008204734,3803.3516448863766,3738.3381567545703
2021-10-09,3770.8449008204734,3803.3516448863766,3738.3381567545703
2021-10-10,3770.8449008204734,3803.3516448863766,3738.3381567545703
2021-10-11,3770.8449008204734,3803.3516448863766,3738.3381567545703
2021-10-12,3770.8449008204734,3803.3516448863766,3738.3381567545703
2021-10-13,3770.8449008204734,3803.3516448863766,3738.3381567545703
2021-10-14,3770.8449008204734,3803.3516448863766,3738.3381567545703
2021-10-15,3770.8449008204734,3803.3516448863766,3738.3381567545703
2021-10-16,3770.8449008204734,3803.3516448863766,3738.3381567545703
2021-10-17,3770.8449008204734,3803.3516448863766,3738.3381567545703
2021-10-18,3770.8449008204734,3803.3516448863766,3738.3381567545703
2021-10-19,3770.8449008204734,3803.3516448863766,3738.3381567545703
2021-10-20,3770.8449008204734,3803.3516448863766,3738.3381567545703
2021-10-21,3770.8449008204734,3803.3516448863766,3738.3381567545703
2021-10-22,3770.8449008204734,3803.3516448863766,3738.3381567545703
2021-10-23,3770.8449008204734,3803.3516448863766,3738.3381567545703
2021-10-24,3770.8449008204734,3803.3516448863766,3738.3381567545703
2021-10-25,3770.8449008204734,3803.3516448863766,3738.3381567545703
2021-10-26,3770.8449008204734,3803.3516448863766,3738.3381567545703
2021-10-27,3770.8449008204734,3803.3516448863766,3738.3381567545703
2021-10-28,3770.8449008204734,3803.3516448863766,3738.3381567545703
2021-10-29,3770.8449008204734,3803.3516448863766,3738.3381567545703
2021-10-30,3770.8449008204734,3803.3516448863766,3738.3381567545703
